,fold,auc_score
0,0,0.5844845880032482
1,1,0.6210367897013184
2,2,0.5976663836478666
3,3,0.5998816127068308
4,4,0.6125834129259625
