precision,recall,f1-score,support
0.885516863509071,0.7657541458278494,0.821292453629203,37990.0
0.4519982757558963,0.6612016935411225,0.5369422092172642,11101.0
0.7421115886822431,0.7421115886822431,0.7421115886822431,0.7421115886822431
0.6687575696324837,0.7134779196844859,0.6791173314232336,49091.0
0.7874848445514617,0.7421115886822431,0.7569920306755672,49091.0
