precision,recall,f1-score,support
0.8857273559011893,0.764490655435641,0.8206555524159367,37990.0
0.4511379669958898,0.6624628411854788,0.536749142398365,11101.0
0.741418997372227,0.741418997372227,0.741418997372227,0.741418997372227
0.6684326614485396,0.71347674831056,0.6787023474071509,49091.0
0.7874531955410882,0.741418997372227,0.7564554942055709,49091.0
