precision,recall,f1-score,support
0.8825297546757348,0.7651224006317452,0.8196430082057354,37990.0
0.44766326214794183,0.651472840284659,0.530672145582624,11101.0
0.739422704772769,0.739422704772769,0.739422704772769,0.739422704772769
0.6650965084118383,0.7082976204582021,0.6751575768941798,49091.0
0.7841929325789955,0.739422704772769,0.7542977199455826,49091.0
