precision,recall,f1-score,support
0.8837188014889852,0.7624049066835137,0.8185916368723768,37989.0
0.44683458969173256,0.6567285173842551,0.531821000036471,11102.0
0.7385060398036299,0.7385060398036299,0.7385060398036299,0.7385060398036299
0.6652766955903588,0.7095667120338844,0.6752063184544239,49091.0
0.7849168109128489,0.7385060398036299,0.7537380463944434,49091.0
