index,precision,recall,f1-score,support
0,0.8839274813820046,0.7623522598646977,0.8186507992593953,37989.0
1,0.447050897286703,0.6574491082687804,0.5322104342119655,11102.0
accuracy,0.7386282617995152,0.7386282617995152,0.7386282617995152,0.7386282617995152
macro avg,0.6654891893343537,0.709900684066739,0.6754306167356804,49091.0
weighted avg,0.7851272158215956,0.7386282617995152,0.7538719002197228,49091.0
