precision,recall,f1-score,support
0.884979248046875,0.7633324559094499,0.8196670341162837,37990.0
0.44918213563683146,0.6604810377443474,0.5347141190198367,11101.0
0.74007455541749,0.74007455541749,0.74007455541749,0.74007455541749
0.6670806918418533,0.7119067468268987,0.6771905765680601,49091.0
0.7864319838871738,0.74007455541749,0.7552303286002898,49091.0
