,fold,auc_score
0,0,0.6264890871698774
1,1,0.6338108737123986
2,2,0.6279751492784467
3,3,0.6314075053982077
4,4,0.6440118127378547
