{"depth": 3, "iterations": 7, "l2_leaf_reg": 7.7354279654508815, "bootstrap_type": "MVS", "learning_rate": 0.037704155259869164, "od_type": "Iter"}