,fold,auc_score
0,0,0.5
1,1,0.5292388993173048
2,2,0.5794291266489726
3,3,0.624687492500069
4,4,0.6381620905925612
